{"pretraining/train_loss": 3387.751754886248, "pretraining/nll": 3387.0185546875, "pretraining/entropy": -7.311534881591797, "pretraining/temp_value": 0.10028998812098847, "_timestamp": 1717483156, "_runtime": 125, "_step": 743, "time/total": 94.17698073387146, "result/normalized_score": 0.025053892606796607, "time/training": 39.67466425895691, "pretraining/train_loss_mean": 3512.363943280274, "pretraining/train_loss_std": 251.7357250776015, "evaluation/return_mean_gm": 61.2674000105245, "evaluation/return_std_gm": 0.46934911693831355, "evaluation/length_mean_gm": 40.1, "evaluation/length_std_gm": 0.3, "time/evaluation": 0.2973008155822754, "finetuning/train_loss": 6.426985190927757, "finetuning/nll": 5.25332498550415, "finetuning/entropy": -10.830741882324219, "finetuning/temp_value": 0.10838188835423507, "aug_traj/return": 100.00906865547203, "aug_traj/length": 55.0, "finetuning/train_loss_mean": 573.251124501515, "finetuning/train_loss_std": 459.8093151952923, "_wandb": {"runtime": 125}}