{"pretraining/train_loss": -0.9960929632847146, "pretraining/nll": -1.06136953830719, "pretraining/entropy": -0.7674179673194885, "pretraining/temp_value": 0.08505329520651948, "_timestamp": 1717491869, "_runtime": 8684, "_step": 64999, "time/total": 8669.991908788681, "result/normalized_score": 0.8023239432682521, "time/training": 37.14857602119446, "pretraining/train_loss_mean": 222.3014361140202, "pretraining/train_loss_std": 732.8232491478974, "evaluation/return_mean_gm": 2590.9489803992446, "evaluation/return_std_gm": 442.35802568919377, "evaluation/length_mean_gm": 787.8, "evaluation/length_std_gm": 132.0248461464735, "time/evaluation": 8.364005088806152, "finetuning/train_loss": -2.45807193189291, "finetuning/nll": -2.4591281414031982, "finetuning/entropy": -2.3962044715881348, "finetuning/temp_value": 0.0004407436793120828, "aug_traj/return": 2190.4835107319027, "aug_traj/length": 674.0, "finetuning/train_loss_mean": -2.3433156666170705, "finetuning/train_loss_std": 0.10771350193676206, "_wandb": {"runtime": 8684}}