{"pretraining/train_loss": 36.61008071899414, "pretraining/nll": 3140.400390625, "pretraining/entropy": -7.248584270477295, "pretraining/temp_value": 0.10029061108930717, "pretraining/value": 0.04668006673455238, "_timestamp": 1717501013, "_runtime": 7951, "_step": 6028, "time/total": 7938.0449068546295, "result/normalized_score": 0.007861714857034224, "time/training": 36.789933919906616, "pretraining/train_loss_mean": 1.153538938226371, "pretraining/train_loss_std": 14.22228690917542, "evaluation/return_mean_gm": 5.314214443510619, "evaluation/return_std_gm": 0.0374760468498309, "evaluation/length_mean_gm": 10.0, "evaluation/length_std_gm": 0.0, "time/evaluation": 0.07700371742248535, "finetuning/train_loss": 335.49615478515625, "finetuning/nll": 727269.625, "finetuning/entropy": -33.82764434814453, "finetuning/temp_value": 0.20378975684521114, "finetuning/value": 0.0006001399015076458, "aug_traj/return": 5.627711266782859, "aug_traj/length": 10.0, "finetuning/train_loss_mean": 469.7352769703608, "finetuning/train_loss_std": 1302.2702589991388, "_wandb": {"runtime": 7951}}